{
  "phase": "generate",
  "wall_time_sec": 0.17738080024719238,
  "peak_rss_mb": 107.890625,
  "mesh_resolution": 18,
  "fem_degree": 1,
  "num_dofs": 361
}