{
  "rel_L2_grid": 5.009197439621303e-13,
  "rel_L2_grid_vs_exact": 5.009197439621303e-13,
  "rel_L2_fe": 0.002573833119065648,
  "rel_H1_semi_fe": 0.0027159549624700768,
  "rel_res": 1.4282574260166473e-10,
  "rel_lin_err_M": 4.738273269988566e-11,
  "cost": {
    "wall_time_sec": 6.771087646484375e-05,
    "iters": 31
  },
  "validity": {
    "pass": true,
    "reason": "rel_L2_fe=2.574e-03 <= target=5.000e-03"
  }
}