{
  "summary": {
    "total_cases": 10,
    "passed_cases": 10,
    "failed_cases": 0,
    "success_rate": 100.0,
    "total_wall_time": 0.0028710365295410156,
    "avg_iters": 119.7
  },
  "failed_list": [],
  "details": [
    {
      "case_id": "heat_grid_target",
      "status": "PASS",
      "wall_time": 0.0007200241088867188,
      "iters": 190,
      "note": "res=-1.00e+00",
      "metrics": {
        "rel_L2_grid": 3.8388304716228895e-14,
        "rel_L2_grid_vs_exact": 3.8388304716228895e-14,
        "rel_L2_fe": 0.01320210438278812,
        "rel_H1_semi_fe": 0.013205551080808366,
        "cost": {
          "wall_time_sec": 0.0007200241088867188,
          "iters": 190
        },
        "validity": {
          "pass": true,
          "reason": "rel_L2_grid=3.839e-14 <= target=1.000e-02"
        }
      }
    },
    {
      "case_id": "heat_longer",
      "status": "PASS",
      "wall_time": 0.0004069805145263672,
      "iters": 290,
      "note": "res=-1.00e+00",
      "metrics": {
        "rel_L2_grid": 1.3160061117281711e-14,
        "rel_L2_grid_vs_exact": 1.3160061117281711e-14,
        "rel_L2_fe": 0.03767517299621669,
        "rel_H1_semi_fe": 0.07960273487185421,
        "cost": {
          "wall_time_sec": 0.0004069805145263672,
          "iters": 290
        },
        "validity": {
          "pass": true,
          "reason": "rel_L2_fe=3.768e-02 <= target=5.000e-02"
        }
      }
    },
    {
      "case_id": "heat_p2",
      "status": "PASS",
      "wall_time": 0.0007681846618652344,
      "iters": 270,
      "note": "res=-1.00e+00",
      "metrics": {
        "rel_L2_grid": 1.0708259540195397e-09,
        "rel_L2_grid_vs_exact": 0.4592448077264293,
        "rel_L2_fe": 0.020310447819793253,
        "rel_H1_semi_fe": 0.05126637745789774,
        "cost": {
          "wall_time_sec": 0.0007681846618652344,
          "iters": 270
        },
        "validity": {
          "pass": true,
          "reason": "rel_L2_fe=2.031e-02 <= target=3.000e-02"
        }
      }
    },
    {
      "case_id": "heat_quad",
      "status": "PASS",
      "wall_time": 8.606910705566406e-05,
      "iters": 30,
      "note": "res=-1.00e+00",
      "metrics": {
        "rel_L2_grid": 0.0,
        "rel_L2_grid_vs_exact": 0.21485914225209782,
        "rel_L2_fe": 0.03796208710496132,
        "rel_H1_semi_fe": 0.061559582874690835,
        "cost": {
          "wall_time_sec": 8.606910705566406e-05,
          "iters": 30
        },
        "validity": {
          "pass": true,
          "reason": "rel_L2_fe=3.796e-02 <= target=5.000e-02"
        }
      }
    },
    {
      "case_id": "heat_simple",
      "status": "PASS",
      "wall_time": 0.0003032684326171875,
      "iters": 210,
      "note": "res=-1.00e+00",
      "metrics": {
        "rel_L2_grid": 2.256379163587553e-08,
        "rel_L2_grid_vs_exact": 2.256379163587553e-08,
        "rel_L2_fe": 0.03844158256792915,
        "rel_H1_semi_fe": 0.038487435014917394,
        "cost": {
          "wall_time_sec": 0.0003032684326171875,
          "iters": 210
        },
        "validity": {
          "pass": true,
          "reason": "rel_L2_fe=3.844e-02 <= target=5.000e-02"
        }
      }
    },
    {
      "case_id": "poisson_grid_target",
      "status": "PASS",
      "wall_time": 9.274482727050781e-05,
      "iters": 39,
      "note": "res=3.96e-11",
      "metrics": {
        "rel_L2_grid": 1.4036227538103347e-09,
        "rel_L2_grid_vs_exact": 1.4036227538103347e-09,
        "rel_L2_fe": 0.01076405704584514,
        "rel_H1_semi_fe": 0.010004565239662746,
        "rel_res": 3.95597793149141e-11,
        "rel_lin_err_M": 2.1188181335386165e-12,
        "cost": {
          "wall_time_sec": 9.274482727050781e-05,
          "iters": 39
        },
        "validity": {
          "pass": true,
          "reason": "rel_L2_grid=1.404e-09 <= target=1.000e-02"
        }
      }
    },
    {
      "case_id": "poisson_p2",
      "status": "PASS",
      "wall_time": 0.0003237724304199219,
      "iters": 83,
      "note": "res=2.23e-10",
      "metrics": {
        "rel_L2_grid": 5.860120046644943e-09,
        "rel_L2_grid_vs_exact": 5.859985611450154e-09,
        "rel_L2_fe": 1.2929435911695904e-10,
        "rel_H1_semi_fe": 1.5938292644587069e-09,
        "rel_res": 2.226379848558434e-10,
        "rel_lin_err_M": 1.2648942193854426e-10,
        "cost": {
          "wall_time_sec": 0.0003237724304199219,
          "iters": 83
        },
        "validity": {
          "pass": true,
          "reason": "rel_L2_fe=1.293e-10 <= target=1.000e-09"
        }
      }
    },
    {
      "case_id": "poisson_quad",
      "status": "PASS",
      "wall_time": 5.507469177246094e-05,
      "iters": 30,
      "note": "res=6.07e-11",
      "metrics": {
        "rel_L2_grid": 3.248396173274174e-09,
        "rel_L2_grid_vs_exact": 0.006172293881943327,
        "rel_L2_fe": 0.0006630534668343924,
        "rel_H1_semi_fe": 0.0005804467679986556,
        "rel_res": 6.068388116519035e-11,
        "rel_lin_err_M": 1.9025818600509825e-11,
        "cost": {
          "wall_time_sec": 5.507469177246094e-05,
          "iters": 30
        },
        "validity": {
          "pass": true,
          "reason": "rel_L2_fe=6.631e-04 <= target=1.000e-02"
        }
      }
    },
    {
      "case_id": "poisson_simple",
      "status": "PASS",
      "wall_time": 4.7206878662109375e-05,
      "iters": 24,
      "note": "res=5.22e-11",
      "metrics": {
        "rel_L2_grid": 9.94268465289189e-09,
        "rel_L2_grid_vs_exact": 9.94268465289189e-09,
        "rel_L2_fe": 0.003254896233309168,
        "rel_H1_semi_fe": 0.0034338609251773487,
        "rel_res": 5.221027562555515e-11,
        "rel_lin_err_M": 1.1367549821013018e-12,
        "cost": {
          "wall_time_sec": 4.7206878662109375e-05,
          "iters": 24
        },
        "validity": {
          "pass": true,
          "reason": "rel_L2_fe=3.255e-03 <= target=5.000e-03"
        }
      }
    },
    {
      "case_id": "poisson_varied",
      "status": "PASS",
      "wall_time": 6.771087646484375e-05,
      "iters": 31,
      "note": "res=1.43e-10",
      "metrics": {
        "rel_L2_grid": 5.009197439621303e-13,
        "rel_L2_grid_vs_exact": 5.009197439621303e-13,
        "rel_L2_fe": 0.002573833119065648,
        "rel_H1_semi_fe": 0.0027159549624700768,
        "rel_res": 1.4282574260166473e-10,
        "rel_lin_err_M": 4.738273269988566e-11,
        "cost": {
          "wall_time_sec": 6.771087646484375e-05,
          "iters": 31
        },
        "validity": {
          "pass": true,
          "reason": "rel_L2_fe=2.574e-03 <= target=5.000e-03"
        }
      }
    }
  ]
}