{
  "phase": "generate",
  "wall_time_sec": 0.16401314735412598,
  "peak_rss_mb": 108.515625,
  "mesh_resolution": 14,
  "fem_degree": 1,
  "num_dofs": 225
}