{
  "rel_L2_grid": 3.248396173274174e-09,
  "rel_L2_grid_vs_exact": 0.006172293881943327,
  "rel_L2_fe": 0.0006630534668343924,
  "rel_H1_semi_fe": 0.0005804467679986556,
  "rel_res": 6.068388116519035e-11,
  "rel_lin_err_M": 1.9025818600509825e-11,
  "cost": {
    "wall_time_sec": 5.507469177246094e-05,
    "iters": 30
  },
  "validity": {
    "pass": true,
    "reason": "rel_L2_fe=6.631e-04 <= target=1.000e-02"
  }
}