{
  "rel_L2_grid": 5.860120046644943e-09,
  "rel_L2_grid_vs_exact": 5.859985611450154e-09,
  "rel_L2_fe": 1.2929435911695904e-10,
  "rel_H1_semi_fe": 1.5938292644587069e-09,
  "rel_res": 2.226379848558434e-10,
  "rel_lin_err_M": 1.2648942193854426e-10,
  "cost": {
    "wall_time_sec": 0.0003237724304199219,
    "iters": 83
  },
  "validity": {
    "pass": true,
    "reason": "rel_L2_fe=1.293e-10 <= target=1.000e-09"
  }
}